"","text","created_at","lang"
"1","#AsianAmericans and all people of #Asian descent worldwide, please stay vigilant and safe

#stopAAPIhate
#theycantburnusall
#becool2asians https://t.co/a3gsEchdVd","2021-01-14T23:34:15.000Z","en"
"2","Happy New Year to all those who stood with is us in 2020! #becool2asians #iamnotavirus #racismisavirus #washthehate https://t.co/QAz0IK5lZU","2021-01-01T01:26:04.000Z","en"
"3","@MarshaBlackburn 17K likes, I'm scared for all #AsianAmericans and other people of #Asian descent who live in #Tennessee. Do you have the heart to not have the same ill will to them or give condolences to the future victims of your loyalists?

#theycantburnusall 
#stopAAPIhate
#becool2asians","2020-12-04T06:34:26.000Z","en"
"4","Hi @ChangShen16 @xav68696618 @MononokeSpirits @washhatenow please help me to report @kietchayla , and cut off his hate speech. Thanks.

#racismisavirus 
#becool2asians 
#stopAAPIhate","2020-09-26T06:14:57.000Z","en"
"6","Please #BeCool2Asians  @APAMCommittee https://t.co/NmZdZL7dzH https://t.co/0FPLcikezG","2020-08-21T01:24:14.000Z","en"
"7","This Is America:  An update, a call to action, and a message of hope and encouragement #ThisIsAmerica #hateisavirus #racismisavirus #washthehate #stopthehate #unapologeticallyasian #iamnotavirus #becool2asians #IAmNotCovid19 #HealthNotHate #MakeNoiseToday

https://t.co/N52tKoCH2j","2020-08-13T21:13:42.000Z","en"
"9","@reappropriate The same thing happened to me in LA - it‚Äôs why I started the #becool2asians campaign. We‚Äôve also coordinated a directory of mostly AAPI therapists who have volunteered free therapy for those affected by anti-Asian hate (or any other racism) Pls retweet so we can be of service! https://t.co/qgib8PGTkd","2020-08-08T05:46:22.000Z","en"
"11","Pls retweet to help us be of service #becool2asians is offering free mental health services to frontline healthcare workers. We need to take care of the folks who are risking their lives to save ours. https://t.co/AIP510VIlG","2020-07-25T14:48:16.000Z","en"
"12","Thank you @tzima8 @JonJonBriones @JujuChangABC @LucyLiu  and everyone for lifting your voices to #BeCool2Asians @APAMCommittee #Solidarity #sagaftramembers https://t.co/NmZdZKPCI9","2020-07-21T18:54:38.000Z","en"
"13","Thank you @originalspin @JujuChangABC and everyone for your service. #RepresentationMatters #BeCool2Asians https://t.co/Vkqg3mHMzT","2020-07-21T18:24:59.000Z","en"
"14","In case anyone needs clarification, Yellow Facing your dog and then hash tagging a bunch of racist terms is not ok, no matter how cute your dog is... #becool2asians #AntiAsianRacism #racism #racist #racistexposed https://t.co/dJNQNvs1H9","2020-07-17T07:35:45.000Z","en"
"15","@ANANursingWorld #becool2asians is offering free therapy for people of color AND frontline healthcare workers of any ethnicity. Pls help us spread the word so we can be of service. https://t.co/1EedVX3H6J","2020-07-17T03:13:23.000Z","en"
"16","@AFSPLACenCoast #becool2asians is offering free therapy for BIPOC. https://t.co/1EedVX3H6J","2020-07-17T03:10:04.000Z","en"
"17","@_HGAPS #becool2asians is offering free therapy for BIPOC. https://t.co/1EedVX3H6J","2020-07-17T03:07:31.000Z","en"
"18","@TWLOHA #becool2asians is offering Free Therapy for BIPOC! https://t.co/1EedVX3H6J","2020-07-17T03:05:23.000Z","en"
"19","@laulyyyyyy #becool2asians is offering FREE therapy for people of color. Pls help us be of service. https://t.co/LXiEuoRcNg","2020-07-17T03:04:32.000Z","en"
"20","@NAMICommunicate #becool2asians is offering FREE therapy for people of color. All volunteer group, no strings attached. Pls retweet so we can be of service! #MinorityMentalHealthMonth https://t.co/1EedVX3H6J","2020-07-17T03:03:23.000Z","en"
"21","Pls retweet so we can be of service. #becool2asians has FREE #Mentalhealth for #FrontLineHeroes #frontlineworkers #Frontliners Thanks for your service! YOU can support by wearing masks, social distancing, and staying home! #iamnotavirus #racismisavirus #hateisavirus #washthehate https://t.co/uPlu4DGCJE","2020-07-14T17:58:27.000Z","en"
"22","Asian in Americans in Houston, TX are standing up for our African American Brothers and Sisters #blacklivesmatter #becool2asians https://t.co/A59M09tjyw","2020-07-12T22:11:36.000Z","en"
"24","Thanks @ReallyAmerican1 for your coverage of anti-Asian hate. We‚Äôve got mental resources for targets or racism. #becool2asians #TrumpVirus https://t.co/lZvViV5jKc","2020-07-07T03:27:46.000Z","en"
"25","Thank u @RoddenberryFdn @GeorgeTakei @danieldaekim 4 the award! #racism is causing a #Mentalhealth crisis. #becool2asians is offering FREE therapy.  #iamnotavirus #racismisavirus #washthehate #racism #BlackLivesMatter  #RacistInChief #COVID19 #coronavirus #trumpvirus  #startrek https://t.co/ACwIsrVQc8","2020-07-06T23:43:15.000Z","en"
"26","@BethanyAllenEbr Loved this tweet except for one word ""finding"" as in ""this is something that was discovered via research and data collection instead of something that SHOULD BE OBVIOUS TO EVERYONE. Don't mean to shoot the messenger. Thanks for sharing.
#stopAAPIhate 
#becool2asians","2020-06-30T03:00:58.000Z","en"
"27","Please vote 45 out. Leaders should lead by example. His example is killing people. #BeCool2Asians #WearAMask #VoteBlue2020 https://t.co/DUK0XqXNLI","2020-06-26T18:02:03.000Z","en"
"28","So maddening. #BeCool2Asians https://t.co/9zMJt2z8Q3","2020-06-26T17:39:02.000Z","en"
"29","My friend is of Romanian Armenian descent. His fianc√© is from Japan. They stopped at a gas station. She asked for the bathroom key and was told it was out of order. His mom then went and asked and was given the key.  #BeCool2Asians @originalspin @angryasianman @APAMCommittee","2020-06-26T17:38:17.000Z","en"
"30","Yay ordered Chinese food. #becool2asians #stopAAPIhate https://t.co/6QdO2l8aF5","2020-06-23T02:56:47.000Z","en"
"31","@daniellaaaagg @realDonaldTrump Time to order a racist amount of chinese food to support local asian businesses. #becool2asians #stopAAPIhate","2020-06-21T07:04:50.000Z","en"
"33","New hashtag to show anti racism towards asians.  #becool2asians","2020-06-21T04:58:57.000Z","en"
"34","@jwestlyanderson @alien32535940 My first tweet with over 100 likes...  most of my tweets supporting #BlackLivesMatter get favorable responses. I hope that my tweets denouncing discrimination against #AsianAmericans will also stop falling on deaf ears.  #stopAAPIhate #becool2asians #washthehate #RacismIsAVirus","2020-06-20T06:31:34.000Z","en"
"35","#becool2asians #RacismIsAVirus #stopAAPIhate #becooltoasians #riseabovehate #AsianLivesMatter #ChineseAndProud #Kpop #Japanese #Chinese #FilAm #Korean #AsianAmericans #AllAmericans Anyone who follows the hashtags above, please read this thread. https://t.co/eKlUptTCpE","2020-06-17T23:01:37.000Z","en"
"36","Many props to #StarTrekUnitedGives for supporting #BlackLivesMatter

Please look at these hashtags too:
#RacismIsAVirus 
#becool2asians
#stopAAPIhate 
#washthehate","2020-06-17T12:23:02.000Z","en"
"37","@HopClear @van576314799752 How badass does this jackass feel for fighting in a beauty supply store? Is this more of the ""spirit of #OGUN""?

#becool2asians
#racismisavirus 
#stopAAPIhate","2020-06-17T03:32:38.000Z","en"
"38","@valwchow + #becool2asians campaign is honored to be a 2020 recipient of the Roddenberry Foundation Impact Awareness Award. We are committed to promoting the kind of outreach, solidarity and diversity that #Startrek is founded upon! Thank you @RoddenberryFdn https://t.co/yVfkgRiW2m","2020-06-16T21:52:23.000Z","en"
"39","Hi @7eleven @7ElevenCanada @7ElevenHawaii @7ElevenAus #7eleven
This will happen more and more in your stores worldwide as time goes on. It's time for you to think about where you stand and what you're going to do about it.

#becool2asians 
#stopAAPIhate 
#RacismIsAVirus https://t.co/6f0nCAXjLe","2020-06-16T05:46:47.000Z","en"
"40","For my Asian American friends üñ§ #IAMNOTAVIRUS #BeCool2Asians #Racismisavirus #WashTheHate https://t.co/6EXiUzj2wf","2020-06-04T02:19:15.000Z","en"
"42","Reply with the questions you have for our panelists.

#BlackLivesMatter #WashTheHate #IAmNotAVirus #RacismIsAVirus #BeCool2Asians #ForcedTrajectoryProject","2020-06-03T14:44:32.000Z","en"
"43","SAVE THE DATE JUNE 4! #Getinvolved #support our brothers and sisters because THEY ALL ARE OUR BROTHERS AND SISTERS!  We are all in this fight together! #endracism #solidarity #Justiceforahmaud #justiceforgeorgefloyd #asianhatecrimes #iamnotavirus #racismisavirus #becool2asians. https://t.co/7RyeuNSLZy","2020-06-02T14:00:51.000Z","en"
"44","Panel this Thursday on how Asian American can participate and support Black, Brown, and Native communities #IAMNOTAVIRUS #BeCool2Asians #RacismIsAVirus #BlackLivesMatter #allyship #AsiansForBlackLives @RocktheboatNYC https://t.co/KMgMa4bMlL","2020-06-01T21:16:00.000Z","en"
"45","Our responsibility as #storytellers to be honest, transparent &amp; sympathetic; on other hand, what do we look forward to, where does the fear play into the greater narrative &amp; how should we be sharing this narrative? @JiayangFan @riseapaorg #RacismIsAVirus #becool2asians #riseapa","2020-05-31T03:28:17.000Z","en"
"46","@BrentTerhune TBH, I thought I was going to get angrier when I came across this video, instead I'm saying, ""On behalf of #AsianAmericans, thank you Brent.""

#stopAAPIhate
#washthehate
#becool2asians
#Iamnotavirus
#RacismIsAVirus 
#AllAmericans
#AAPIHM 
#AsianHeritageMonth 
#riseabovehate","2020-05-30T17:58:19.000Z","en"
"47","We will kneel with our Black and Brown brothers and sisters. #BlackLivesMatter #JusticeForGeorgeFloyd #GeorgeFloyd #becool2asians #RacismIsAVirus #Hateisavirus #iamnotavirus #washthehate https://t.co/0ov7OIEk8b","2020-05-29T14:45:02.000Z","en"
"48","tf is wrong with people? 

#UnapologeticallyAsian 
#RacismIsAVirus 
#WashtheHate 
#BeCool2Asians¬†
#IAmNotAVirus https://t.co/HoZordRfPn","2020-05-28T23:35:46.000Z","en"
"49","We stand with our Black and Brown Brother and Sisters against institutionalized racism. Wrongful Deaths like George Floyd should never be normalized. #becool2asians #BlackLivesMatter #JusticeForGeorgeFloyd #GeorgeFloyd #IamNotAVirus #racismisavirus #washthehate https://t.co/YgYeURVSg0","2020-05-28T01:13:08.000Z","en"
"50","It's been just over a month since John Cho wrote his op-ed for the LA Times. His words still resonate as we continue to #WashTheHate.

#hateisavirus #iamnotavirus #becool2asians #APAHM https://t.co/Yw6sIRZsei","2020-05-27T05:57:01.000Z","en"
"51","It's been just over a month since @JohnTheCho wrote his op-ed for the @latimes. His words still resonate as we continue to #WashTheHate.

#hateisavirus #iamnotavirus #becool2asians #APAHM https://t.co/N37kZHIkOv","2020-05-26T19:12:28.000Z","en"
"52","#COVID is disproportionately affecting people of color - from higher death rates for Black + Brown to the rise in Hate against Asian Americans. Check your privilege and wear a mask! #becool2asians #MaskUp https://t.co/GdqC76lGUe","2020-05-24T22:05:22.000Z","en"
"53","Thank you @Elaine_Quijano for spotlighting this issue and advocating for unity and solidarity. üíô #WashTheHate

#hateisavirus #iamnotavirus #becool2asians #APAHM https://t.co/ufMM2x2Awj","2020-05-24T21:00:00.000Z","en"
"55","@nydia_han #ThisIsAmerica 
#becool2asians 
#RacismIsAVirus 
I'm sorry anyone has to go through this","2020-05-22T22:22:04.000Z","en"
"56","This #APAHM and beyond, let's uplift our communities and work toward unity. We are all in this together. This is one world we share. üíô

#hateisavirus #iamnotavirus #becool2asians #APAHM https://t.co/vy7EXFWEJU","2020-05-22T21:03:23.000Z","en"
"57","‚ÄúI am not a virus. I am a political artist, a competitive athlete and a phenomenal nerd.‚Äù 
-Min from @asianfemifesto 

#IamNotAVirus  #hateisavirus  #washthehate  #RacismIsAVirus  #becool2asians https://t.co/h9OzmTGpI2","2020-05-20T19:28:56.000Z","en"
"58","‚ÄúI am not a virus. I am an advocate, I am a student, and I am a proud Chinese adoptee.‚Äù - Abbegael 

#IamNotAVirus  #hateisavirus  #washthehate  #RacismIsAVirus  #becool2asians https://t.co/SeisCw0LlB","2020-05-20T13:57:44.000Z","en"
"59","@mellow_chellow @AOC Or even U.S. born #AsianAmerican citizens? Or 2nd and 3rd generation Asian Americans? Or even #NativeAmericans? God knows people like this smiling jackass can't tell the difference between any of us.

#becool2asians
#becooltoasians
#iamnotavirus
#racismisavirus","2020-05-19T10:24:58.000Z","en"
"60","‚ÄúI am not a virus. I am a son, friend and bodybuilder. But most importantly, I am American.‚Äù - Nate

#IamNotAVirus  #hateisavirus  #washthehate  #RacismIsAVirus  #becool2asians https://t.co/VNWxLnlb12","2020-05-18T22:35:57.000Z","en"
"61","Thank you Danielle for sharing your thoughts with #WashTheHate. üíô

We‚Äôre in this together. You have a community behind you. #hateisavirus #racismisavirus #iamnotavirus #becool2asians #APAHM https://t.co/beFWLyKhKC","2020-05-18T19:53:51.000Z","en"
"63","Thank you John for sharing your thoughts with #WashTheHate. üíô

We‚Äôre in this together. You have a community behind you. #hateisavirus #racismisavirus #iamnotavirus #becool2asians #APAHM https://t.co/lUkr5GSLUF","2020-05-16T19:00:00.000Z","en"
"64","‚ÄúI am not a virus. I am a radical queer artist. I am a fifth generation American. I am imagining a better future.‚Äù - Rowan 

#IamNotAVirus  #hateisavirus  #washthehate  #RacismIsAVirus  #becool2asians https://t.co/45UBigSaD2","2020-05-15T19:05:33.000Z","en"
"65","Thank you Anonymous for sharing your thoughts with #WashTheHate. üíô

We‚Äôre in this together. You have a community behind you. #hateisavirus #racismisavirus #iamnotavirus #becool2asians #APAHM https://t.co/TuhzShvZYL","2020-05-14T22:53:08.000Z","en"
"66","#coronavirus is racialized. A disproportionate # of our Black and Brown brothers and sisters are dying, Asian Americans are the scapegoated targets of COVID Hate, Armed White Suprmacists are ‚Äúprotesting‚Äù wearing masks #BlackLivesMatter #becool2asians https://t.co/YyiolCohAt","2020-05-14T03:34:23.000Z","en"
"67","JOIN IN AT 130pm PST.

#WashTheHate
#HateIsAVirus
#RacismisaVirus
#becool2asians
#MakeNoiseToday
#UnapologeticallyAsian

NBC News To Host Virtual Town Hall On Anti-Asian Sentiment During COVID-19 ‚Äì Deadline https://t.co/M24oLmm3qy","2020-05-13T19:30:45.000Z","en"
"69","@realDonaldTrump As of now, 153K likes? Wow... I wonder how many of them are #AsianAmerican. A question for the 153K people who liked this tweet; do you #finally agree that #AsianAmericans aren't to blame for #COVID19 ? 

#stopaapihate 
#becool2asians 
#riseabovehate 
#washthehate 
#allamericans","2020-05-12T22:33:53.000Z","en"
"70","With social distancing being relaxed, the rise of racism against Asian and Asian Americans continues to climb. Please know that there is a community and allies that are here to help you.

#IamNotAVirus  #hateisavirus  #washthehate  #RacismIsAVirus  #becool2asians #IAmAnAlly https://t.co/m9SUZiiOmA","2020-05-12T22:29:49.000Z","en"
"71","""We are all going through difficult times, facing new challenges day to day."" - Millersville University Intercultural Center üíô #WashTheHate

#hateisavirus #racismisavirus #iamnotavirus #becool2asians #APAHM https://t.co/XFfnusQpeV","2020-05-12T19:02:02.000Z","en"
"72","‚ÄúWe are not a virus. We are a diverse family. A business owner, a doctor, and  three happy, healthy Asian American children. We are what made America great in the first place.‚Äù

#IamNotAVirus  #hateisavirus  #washthehate  #RacismIsAVirus  #becool2asians https://t.co/KlldM4gS4G","2020-05-12T16:52:59.000Z","en"
"74","""To displace your fears on Asian Americans is both unfair and unjust."" - @bluechodesign üíô #WashTheHate

#hateisavirus #racismisavirus #iamnotavirus #becool2asians #APAHM https://t.co/TdtNLDIWeg","2020-05-10T21:00:00.000Z","en"
"75","‚ÄúI am not a virus. I am a student, a dog mom, and a future surgeon.‚Äù
-Soriya | USA | South Korea

#IamNotAVirus  #hateisavirus  #washthehate  #RacismIsAVirus  #becool2asians https://t.co/LpbdjFBVRW","2020-05-09T22:44:03.000Z","en"
"78","#asian #becool2asians #Racisme #vancouver #WANTED #Jenesuispasunvirus
Vancouver Police seek assault suspect.
Please share information. https://t.co/AtKI59x1AR","2020-05-09T10:31:06.000Z","en"
"79","Frontline workers and communities of color are disproportionately affected by #COVID Wearing a mask is not ‚Äúoppression‚Äù - refusing to wear one is oppressing our collective right to public health and safety #becool2asians https://t.co/ZxHmlqZetm","2020-05-09T02:28:48.000Z","en"
"80","""Next time a hateful thought occurs in your mind, think about what it would feel like if you were on the receiving end of that."" - actress and filmmaker @stellavelonpunk üíô #WashTheHate

#hateisavirus #racismisavirus #iamnotavirus #becool2asians #APAHM https://t.co/Bq62qddeSy","2020-05-08T22:32:13.000Z","en"
"81","We‚Äôre in this together. You have a community behind you. #hateisavirus #racismisavirus #iamnotavirus #becool2asians #APAHM","2020-05-07T18:53:57.000Z","en"
"82","African Americans are disproportionately dying from COVID + regularly murdered just for being black. Where is the justice?! We stand w/our black and brown brothers and sisters in our fight against hate. #JusticeForAhmaud #BlackLivesMatter #becool2asians https://t.co/ItV4YQQGKr","2020-05-07T02:16:08.000Z","en"
"83","""During this pandemic, Asians are not only fearful of COVID-19 but also fearful when doing everyday things."" - cook and producer @missvivianwc üíô #WashTheHate

#hateisavirus #racismisavirus #iamnotavirus #becool2asians #APAHM https://t.co/PzmJzba4wR","2020-05-06T21:00:40.000Z","en"
"85","Thank you Susan for sharing your thoughts with #WashTheHate. üíô

We‚Äôre in this together. You have a community behind you. #hateisavirus #racismisavirus #iamnotavirus #becool2asians #APAHM https://t.co/RBWNVyfSj8","2020-05-05T19:02:11.000Z","en"
"86","‚ÄúI am not a virus. I am an eternal adventurer, a bookworm, a foodie, and a friend.‚Äù - Nicole |  Paris 

#IamNotAVirus  #hateisavirus  #washthehate  #RacismIsAVirus  #becool2asians https://t.co/TP1jFaREzn","2020-05-05T17:09:36.000Z","en"
"88","‚ÄúI am not a virus. I am a self-proclaimed traveler. I am the funnier sibling. I am chasing my dreams.‚Äù 
- Tommy 

#IamNotAVirus  #hateisavirus  #washthehate  #RacismIsAVirus  #becool2asians https://t.co/3a9nyhSJXt","2020-05-04T21:27:17.000Z","en"
"89","Thank you Anonymous for sharing your thoughts with #WashTheHate. üíô

#hateisavirus #racismisavirus #iamnotavirus #becool2asians #APAHM https://t.co/6xW79kJxVp","2020-05-03T19:00:00.000Z","en"
"93","Stand in solidarity with #RacismIsAVirus during #AAPI Heritage month.

WATCH OUR VIDEO FOR HOW YOU CAN JOIN! 

#AsianamericanPacificIslanderHeritageMonth #AAPIHM #APAHM #Hateisavirus #washthehate #Iamnotavirus #becool2asians https://t.co/5tv9qCMN97","2020-05-02T05:00:32.000Z","en"
"94","Happy to celebrate May 1 as the beginning of #AsianAmericanPacificIslanderHeritage month!  #RacismIsAVirus #HateisAVirus #IAmNotCOVID19 #BeCool2Asians‚Å†","2020-05-01T21:40:13.000Z","en"
"95","Now in full color racismisavirus #racismisavirus #aapiheritagemonth #apaheritagemonth #kadart #drawwithdeb #becool2asians #koreanamerican https://t.co/VCPQgTyxsk","2020-05-01T20:01:36.000Z","en"
"96","May is Asian Pacific American Heritage Month. Now more than ever, we need to be celebrating our rich, unique cultures and working together to #WashTheHate. üíô

#APAHM #AAPI #hateisavirus #racismisavirus #iamnotavirus #becool2asians https://t.co/YqDTq235AZ","2020-05-01T19:00:19.000Z","en"
"97","""On top of coping with the same fear and uncertainty that every American is struggling with... Asian Americans are also dealing with a huge uptick in hate crimes and racism."" - Grace &amp; Blake at @Slide_32 üíô#WashTheHate

#hateisavirus #racismisavirus #iamnotavirus #becool2asians https://t.co/cCod6TMFO7","2020-05-01T17:36:57.000Z","en"
"98","We are committed to uniting our voices for Asian Pacific American Heritage Month. We are accepting submissions from AAPI artists to be featured on our platforms. 

#IamNotAVirus  #hateisavirus  #washthehate  #RacismIsAVirus  #becool2asians #AAPIHeritageMonth https://t.co/6Owk7SNSrJ","2020-05-01T13:32:28.000Z","en"
"99","CALL TO ACTION! Tomorrow is the start of #AAPI Heritage Month. Stand in solidarity w/ #RacismIsAVirus.  Watch our video for how to help! 

#AsianamericanPacificIslanderHeritageMonth #AAPIHM #APAHM #Hateisavirus #washthehate #Iamnotavirus #becool2asians #jackfroot #nextshark https://t.co/xlVeYzqOP4","2020-05-01T03:24:55.000Z","en"
"101","‚ÄúI am not a virus. I‚Äôm a teacher, a mother, and a loving wife. I believe that everyone has a right to live &amp; love free of judgement &amp; fear. I‚Äôm a human being who has faith in all of us.‚Äù -Christine | USA

#IamNotAVirus  #hateisavirus  #washthehate  #RacismIsAVirus  #becool2asians https://t.co/ubnxuaVbxs","2020-04-30T14:02:01.000Z","en"
"102","""This pandemic is affecting all of us. We're all in this together. There's no one racial group that is responsible for this. Please let's wash away the hate."" - Dr. Benjamin Chan at @ruuteprogram üíô#WashTheHate

#hateisavirus #racismisavirus #iamnotavirus #becool2asians https://t.co/RFhkbpIJBt","2020-04-29T19:04:56.000Z","en"
"103","‚ÄúI am not a virus. I am a passionate dancer. I am an accountant. I am a strong advocate for diversity and inclusion.‚Äù - Han | Montreal 

#IamNotAVirus  #hateisavirus  #washthehate  #RacismIsAVirus  #becool2asians https://t.co/sSQ6wc8K0r","2020-04-29T15:33:38.000Z","en"
"104","May 1st is the start of #AsianAmericanPacificIslanderHeritage month. ‚Å†
We here at #RacismIsAvirus want to ask all of our Friends and Allies to create a post.  Please watch the video for how to help! 
‚Å†
#RacismIsAVirus #HateisAVirus #IAmNotCOVID19 #BeCool2Asians https://t.co/gIHFJ0vkrA","2020-04-28T23:05:32.000Z","en"
"105","@dianephelan tells us how you can join the movement! May 1st is the start of #AsianPacificAmericanHeritage month. ‚Å†Let‚Äôs kickoff and celebrate #AAPI month with pride and solidarity.‚Å† 

#RacismIsAVirus #HateisAVirus #IAmNotCOVID19 #BeCool2Asians‚Å† #Asian #AsianAmerican https://t.co/S0x8J3WCNM","2020-04-28T22:42:20.000Z","en"
"106","We are accepting art submissions to be featured on all of our platforms. 

#IamNotAVirus  #hateisavirus  #washthehate  #RacismIsAVirus  #becool2asians https://t.co/Cj3YMLQ5rf","2020-04-28T21:15:15.000Z","en"
"107","‚ÄúI am not a virus.  People with my ethnic background are not a virus.‚Äù @jenapherzheng
Racism towards any race, pandemic or not is wrong. Your face and stories matter! #strongertogether #Hateisavirus #washthehate #becool2asians #iamnotavirus #Asianamerican #unapologeticallyAsian https://t.co/yF44DtHaZB","2020-04-28T14:36:56.000Z","en"
"108","‚ÄúI am not a virus. I am a father, a gardener and a story teller.‚Äù -Mike | CT

#IamNotAVirus  #hateisavirus  #washthehate  #RacismIsAVirus  #becool2asians https://t.co/cAmrNAtSsI","2020-04-28T12:12:26.000Z","en"
"109","Thank you Eddie for sharing your thoughts with #WashTheHate. üíô

#hateisavirus #racismisavirus #iamnotavirus #becool2asians https://t.co/RVnTo34MrR","2020-04-27T19:51:53.000Z","en"
"110","May 1st is the start of #AsianAmericanPacificIslanderHeritage month. ‚Å†Let‚Äôs kickoff and celebrate #AAPI month with pride and solidarity.‚Å†  Watch th‚Å†e video for how to help! 

#RacismIsAVirus #HateisAVirus #IAmNotCOVID19 #BeCool2Asians‚Å† https://t.co/eKNZpP7QKn","2020-04-27T14:31:45.000Z","en"
"111","Have you been targeted for anti-Asian Hate? Pls share your story for our next video! #becool2asians #racismisavirus #iamnotavirus #washthehate #hateisavirus https://t.co/NiW8A0Z55N","2020-04-26T21:19:55.000Z","en"
"112","@kellyyanghk A similar incident happened to me walking my dog only it was more violent. Will you tell your story on camera for the #becool2asians campaign?","2020-04-26T21:17:41.000Z","en"
"113","Thank you Kayla for sharing your thoughts with #WashTheHate. üíô

#hateisavirus #racismisavirus #iamnotavirus #becool2asians https://t.co/7hBXQ0xm1B","2020-04-25T19:00:00.000Z","en"
"115","THANK YOU to journalist @VickyNguyenTV for your reporting on @todayshow and @NBCNewsNow, featuring the rise of anti-Asian hate crimes amid the coronavirus. #RacismIsAVirus #WashTheHate #IAmNotCOVID19 #BeCool2Asians https://t.co/v8OBxgjOg5","2020-04-25T15:17:54.000Z","en"
"116","‚ÄúI am not a virus. I am an Artist. I am a Teacher. I am Blasian. I am brave &amp; curious, yet socially awkward. I am a comic book geek and I am a parent.‚Äù
-William | Guangzhou, Guangdong Province, China

#IamNotAVirus  #hateisavirus  #washthehate  #RacismIsAVirus  #becool2asians https://t.co/YfejGLZq81","2020-04-24T19:26:23.000Z","en"
"118","https://t.co/iEiPwwCgpz  Squash This Racist BS Against Asians. @realDonaldTrump is a piece of shit and NEVER should've started this. We are better than this!!!#HATEISAVIRUS #IamNotAVirus  #washthehate  #RacismIsAVirus  #becool2asians","2020-04-24T13:29:25.000Z","en"
"119","Embracing art to resist racism in the wake of Covid 19. Artist Nissa D. Tzun from @communitychange shares her artwork &amp; story. Thank you for inspiring us.

Link to the full video: https://t.co/kfObY2Fd2A

#IamNotAVirus  #hateisavirus  #washthehate  #RacismIsAVirus  #becool2asians https://t.co/R07ZqL9U0B","2020-04-24T13:19:03.000Z","en"
"120","Let‚Äôs celebrate who you are. The beauty, resilience, strength, and courage inside you. 

#IamNotAVirus  #hateisavirus  #washthehate  #RacismIsAVirus  #becool2asians https://t.co/EOP8BhggDt","2020-04-24T01:30:10.000Z","en"
"121","‚ÄúI am not a virus. I am an entrepreneur. I am a content creator. I am a son of refugees.‚Äù - Sunny

#IamNotAVirus  #hateisavirus  #washthehate  #RacismIsAVirus  #becool2asians https://t.co/VV3U0qwydt","2020-04-24T01:23:21.000Z","en"
"122","DISINFECT &amp; RESPECT üôå

#WashTheHate  #hateisavirus #racismisavirus #iamnotavirus #becool2asians https://t.co/jwpBzlyLbJ","2020-04-23T19:20:18.000Z","en"
"123","We stand with @Novellyorg and we are taking the pledge to stand up to racism against all communities.

#PeopleAreNotTheVirus
#IamNotAVirus 
#hateisavirus  
#washthehate  
#RacismIsAVirus  
#becool2asians https://t.co/brOLkDRmZG","2020-04-23T15:45:31.000Z","en"
"124","‚ÄúI am not a virus. I am a loving son. I am a scholar. I am a soldier.‚Äù 
-Terry | Seattle, WA

#IamNotAVirus  #hateisavirus  #washthehate  #RacismIsAVirus  #becool2asians https://t.co/vORUT68Smn","2020-04-23T12:56:09.000Z","en"
"125","Thank you HC for sharing your thoughts with #WashTheHate. üíô

#Hateisavirus #racismisavirus #iamnotavirus #becool2asians https://t.co/9ghbQVLflE","2020-04-23T00:07:22.000Z","en"
"126","Thank you Shelly for sharing your thoughts with #WashTheHate. üíô

#hateisavirus #racismisavirus #iamnotavirus #becool2asians https://t.co/d89veaqtf7","2020-04-22T01:51:25.000Z","en"
"127","The language we use can have a large effect on the biases we adopt. This is not the Chinese Virus, it's the coronavirus. It's COVID-19. Repost from @mikebowshow üíô #WashTheHate

#Hateisavirus hateisavirus #racismisavirus #iamnotavirus #becool2asians https://t.co/LaB3Ajz0Sr","2020-04-21T20:34:49.000Z","en"
"129","As the U.S. fights to flatten the curve against Coronavirus cases, we're fighting the epidemic of violent attacks against Asian American families, women and children. Please stand with #ScorpionKing star @KellyHu  #becool2asians. #Arrowverse #XMen #coronavirus #Corona #COVID19 https://t.co/67Dv1GkJKT","2020-04-21T16:06:09.000Z","en"
"131","""Please show your support ‚Äî whether that's through speaking up or sharing your own content related to this issue."" - Colin Buckingham üíô #WashTheHate

#hateisavirus #racismisavirus #iamnotavirus #becool2asians https://t.co/RPyM1XXw9V","2020-04-20T19:00:01.000Z","en"
"132","""Please do not let fear or a false sense of security make Asians the face of this invisible enemy."" - Woan Ni Wooi üíô #WashTheHate

#hateisavirus #racismisavirus #iamnotavirus #becool2asians https://t.co/NtGVgQo3no","2020-04-19T19:00:00.000Z","en"
"133","Raise your voice and report. #strongertogether #Hateisavirus #RacismIsAVirus #washthehate #iamnotavirus #becool2asians https://t.co/62H3UCDwr1","2020-04-19T17:29:02.000Z","en"
"134","How has your life as an Asian/Asian American been affected by COVID-19?

üìπ Post a video with #WashTheHate or DM us your thoughts for us to share anonymously.

We‚Äôre in this together. You have a community behind you. #hateisavirus #racismisavirus #iamnotavirus #becool2asians","2020-04-19T00:22:28.000Z","en"
"135","""We need to wash the hate... And wash the germs!"" - Kiki Yeung and Sky Ng üíô #WashTheHate

#hateisavirus #racismisavirus #iamnotavirus #becool2asians https://t.co/xwfA7Auga9","2020-04-18T19:00:00.000Z","en"
"136","How has your life as an Asian/Asian American been affected by COVID-19?

üìπ Post a video with #WashTheHate or DM us your thoughts for us to share anonymously.

We‚Äôre in this together. You have a community behind you. #hateisavirus #racismisavirus #iamnotavirus #becool2asians","2020-04-18T00:04:27.000Z","en"
"139","""I was born in the U.S., and America is the only home I've ever known. I don't feel safe here anymore."" - Bettina Chin Cho üíô #WashTheHate

#hateisavirus #racismisavirus #iamnotavirus #becool2asians https://t.co/UJo7VMDCwn","2020-04-17T19:05:04.000Z","en"
"140","How has your life as an Asian/Asian American been affected by COVID-19?

üìπ Post a video with #WashTheHate or DM us your thoughts for us to share anonymously.

We‚Äôre in this together. You have a community behind you. #hateisavirus #racismisavirus #iamnotavirus #becool2asians","2020-04-17T00:00:26.000Z","en"
"141","Thank you for covering and amplifying this @NBCAsianAmerica - Drowning out bigotry is exactly what we aim to do‚úäüèΩ‚úäüèΩ‚úäüèΩ#RacismIsAVirus #Hateisavirus #becool2asians #iamnotavirus #tremendouspr #WashTheHate https://t.co/RGsEQRqAbz","2020-04-16T14:43:07.000Z","en"
"142","Grateful to our #Allies @alvarezjulian &amp; Eric Deibolt for standing with us against the rise of racism &amp; violence directed at the #AsianAmerican community during this time.

#RacismIsAVirus #hateisavirus
#iamnotavirus #becool2asians #washthehate #asianamericans https://t.co/35jfJ8Kkax","2020-04-15T13:35:38.000Z","en"
"145","Why do Whites get to be people while ALL ASIANS are 1. Not American 2. Chinese 3. Supporters of the Chinese government 4. Must ‚Äúpay‚Äù for any wrongdoing of ANY of the other BILLIONS of Asians on the entire planet? Pls Stand with your fellow Americans and #becool2asians https://t.co/iaHkJPkRi5","2020-04-14T22:45:37.000Z","en"
"146","Watch #becool2asians founder @valwchow on @DrPhil tomorrow (Tuesday 4/14) on her emotional response to anti-Asian hate. #becool2asians is also mobilizing mental health professionals to donate their time to those in need during this pandemic of Hate. Stay tuned for the rollout! https://t.co/KAT1TP5woc","2020-04-14T00:31:16.000Z","en"
"148","Response to anti-Asian hysteria. https://t.co/VBd4uBn5nz  

#coronavirus #covid19 #iamnotavirus #stopaapihate #washthehate #becool2asians #racismisavirus #hateisavirus #SafetyNotStigma #coronavirusracism #factsnotfear #covidiots #NotYourModelMinority #aapi #humanlikeyou #asian","2020-04-13T11:10:37.000Z","en"
"151","Why does no one including the person shooting the incident speak up to defend a fellow American? #becool2asians https://t.co/IcnIfeILn7","2020-04-11T18:23:52.000Z","en"
"158","Join free bystander training to combat the rise in anti-asian attacks and #becool2asians https://t.co/vN3qAWo7eB","2020-04-08T20:23:07.000Z","en"
"159","@SuzeBPark #becool2asians #Hateisavirus #Asie #COVID19 #jenesuispasunvirus

Greetings from Asia2.0

We show you our support. 
Do you know if there associations which are combating anti-asian racism in Sweden?
We will contact you by email for all our activities.

Best regards.","2020-04-08T18:02:56.000Z","en"
"160","@Analisa_Swan Help us thank the disproportionate amount of Asian Americans who are frontline workers yet vulnerable to the rise in anti-Asian hate and violence. #becool2asians. #WorldHealthDay https://t.co/Q7tH1t6000","2020-04-08T00:48:09.000Z","en"
"161","@EdgeofSports help us celebrate world health day by calling attention to the disproportionate number of Asian Americans who are frontline healthcare workers yet vulnerable to the rise in anti-Asian violence and Hate. #becool2asians https://t.co/Q7tH1t6000","2020-04-08T00:46:24.000Z","en"
"162","Need 2 stay calm &amp; not blame a racial group 4 COVID19. #IamNotAVirus #stopAAPIhate #becool2asians  https://t.co/K5Xohrq4QX","2020-04-07T20:30:59.000Z","en"
"163","Pls retweet: @Forbes writes Asian Americans are ""vastly over-represented among the front line medical workers"" 17% doctors, 9% PA's, 10% nurses in the US are Asian. Yet they face the rise in Violence and Hate against Asians. @eugenegu #becool2asians #frontlineworkers #COVID19 https://t.co/su4oYPmKtk","2020-04-07T15:35:59.000Z","en"
"165","Bringing this to the top again, because these attacks are still happening. Be vigilant, call on allies and stand up for the community. #RacismisaVirus #WashTheHate #HateIsAVirus #becool2asians

https://t.co/Vg9vW4INii","2020-04-06T17:47:23.000Z","en"
"167","Thank you ‚Å¶@NextShark‚Å© for publishing our backstory. Hate takes an emotional toll on the target. Stand with your fellow Americans of Asian descent #becool2asians #washthehate #coronavirus #covid  https://t.co/TpXW3TwfVN","2020-04-05T00:03:59.000Z","en"
"171","Super cute video with an important message to @washthehate https://t.co/Hxcs7OcBLO #Becool2Asians FFS ‚ù§Ô∏è","2020-04-03T10:29:43.000Z","en"
"175","This is happened on IG today and I just literally had a panic attack thinking about this happening in my neighborhood in NYC and my best friends that live there. This is not ok. PLEASE #becool2asians #asianracism #racism #nyc #NewYorkers @NYPDnews https://t.co/acUvtyrhIu","2020-04-02T06:14:12.000Z","en"
"176","1 Asian family was already stabbed including the 2 and 6 yr old while shopping. The threats are real. We fear the next story will be a mass shooting targeting Asian Americans. Please stand with us and #becool2asians https://t.co/VVAcy0B5Rr","2020-04-02T06:02:32.000Z","en"
"181","Stand up and be counted! There‚Äôs at least 21 million Asians in the US. Immigrant families are often the least likely to fill out the census which determines how essential gov‚Äôt resources are allotted. #becool2asians https://t.co/54AyAv3GlC","2020-04-01T15:28:40.000Z","en"
"182","We stand with @amazon workers protesting safer working conditions. Folks of asian descent also work #amazon as essential workers #becool2asians. https://t.co/nBeTOxW1MR","2020-04-01T15:23:40.000Z","en"
"183","@TrapTVShow Thanks for the info. We‚Äôre very aware of the awful story. This is why the time is now to spread the word and #becool2asians!","2020-04-01T15:12:11.000Z","en"
"184","@RepJudyChu @RepJeffries @Grace4NY @JulianCastro thanks 4 speaking out! pls follow @becool2asians we‚Äôre combatting anti-asian sentiment with positive media content! #becool2asians #AntiAsianRacism #coronavirus #COVID19 https://t.co/HDjDQdy4u6","2020-04-01T04:49:36.000Z","en"
"185","#WashTheHate #HateIsAVirus #RacismIsAVirus #DontBeARacist #StopAAPIHate #BeCool2Asians Special shout out and thanks to healthcare workers and first responders of Asian descent who are fighting TWO battles simultaneously.  Thank you @DinoRay for this! ‚ù§Ô∏èto our Filipina nurses! https://t.co/Qyh8QUfhUV","2020-04-01T02:32:30.000Z","en"
"186","@DinoRay @shrrycola @paolamardo @konaomie @originalspin @JiayangFan @MaulikPancholy @WashTheHate Hey if any of y‚Äôall in the article want to do an advocacy video for #becool2asians please DM me!","2020-03-31T23:03:13.000Z","en"
"187","@DinoRay @shrrycola @paolamardo @konaomie @originalspin @JiayangFan @MaulikPancholy @WashTheHate Thanks for spreading the word #becool2asians!","2020-03-31T23:01:49.000Z","en"
"189","""Hollywood‚Äôs Asian Community Calls On Allies For Support As Coronavirus Misinformation Incites Hate"". Thank u @DEADLINE for shedding light on what's happening in this article + inviting us to be a part of it #becool2asians #coronavirus #racism #asianracism https://t.co/Oqio0yMMPD","2020-03-31T22:06:22.000Z","en"
"191","Since the outbreak began, there have been reports nationwide of Asian Americans being verbally abused, physically attacked and spat upon. #BeCool2Asians https://t.co/f1ziBZ1dwd","2020-03-31T13:48:59.000Z","en"
"193","Friends! We are talking with Law &amp; Order‚Äôs @ElisabethRohm TODAY on her IG Live at 1pm PT for #becool2asians on the growing violence against Asian Americans during #COVID19. Please join! #AllInThisTogether #Coronavirustruth #racism #StrongerTogether #LoveInTheTimeOfQuarantine https://t.co/q1P3hxF5Lz","2020-03-30T18:42:57.000Z","en"
"194","Join @ElisabethRohm on her IG Live TODAY 1pm PT / 4pm ET for a heartfelt discussion about how misinformation about the Coronavirus is escalating hate against Asian Americans. #becool2asians #racism #coronavirus #Coronavirus #Coronavirustruth #asianamericans #asians https://t.co/tLnLWrCn5y","2020-03-30T18:06:25.000Z","en"
"195","The Flavor of Fury script placed 2nd at Vancouver Badass Film Fest over the weekend. Top 2 out of 82 genre scripts. #screenwriting #screenplay #shortscript #filmmaker #filmfestival #martialarts #actioncomedy #becool2asians @VBASFF https://t.co/NL9k39EPSt","2020-03-30T18:01:12.000Z","en"
"197","Please help me spread the word about #becool2asians and follow the #. This hate is only getting worse... little kids are being attacked and stabbed for being Asian. #endtheHate  https://t.co/OJpWQgP1zz","2020-03-30T13:10:53.000Z","en"
"198","Ain‚Äôt no Asian ever call me nigger üó£üîä! #BeCool2Asians","2020-03-30T09:10:25.000Z","en"
"199","Ain‚Äôt no Asian ever call me nigger üó£üîä! #BeCool2Asians","2020-03-30T09:09:25.000Z","en"
"200","@Helen_C3 I would also add the US federal government‚Äôs mishandling and scapegoating if it as well! #becool2asians","2020-03-30T06:33:22.000Z","en"
"201","AsAm News | Man throws punches at Asian American, tells her to go back to China while trying to kick her dog #becool2asians #Covid_19 #coronavirus #washthehate #IamNotAVirus  https://t.co/RexBgEwKMi","2020-03-30T05:52:13.000Z","en"
"202","Join @ElisabethRohm on her IG Live tomorrow 1pm PT / 3pm ET and founder of @becool2asians Valerie Chow for a heartfelt discussion about how misinformation about the Coronavirus is escalating hate against Asian Americans. #becool2asians #racism #coronavirus #Coronavirustruth https://t.co/Omh1uVtaWu","2020-03-30T05:02:45.000Z","en"
"205","@becool2asians @Emolclause @realDonaldTrump I'm so sorry this happened to you. This is NEVER ok. üíî
#becool2asians
#COVID19","2020-03-29T17:48:38.000Z","en"
"206","@AbdulElSayed @ProudResister We‚Äôre mobilizing to combat anti-Asian hate with messaging as well as collaborating with Folks to help with donated goods and services. Would love to come on your show to discuss our campaign! #becool2asians https://t.co/ggIbh4znBP","2020-03-29T17:40:41.000Z","en"
"207","@PadmaLakshmi I keep a stock of coconut milk on hand. It‚Äôs great for soups and curries and even chia seed pudding. Help combat anti-Asian coronavirus sentiment and #becool2asians","2020-03-29T17:34:32.000Z","en"
"208","@mdnij34 Unfortunately I‚Äôve heard from front line responders that instead of making love there‚Äôs been a huge uptick in domestic violence (and violence against Asians!) #becool2asians!","2020-03-29T17:33:34.000Z","en"
"209","This is insane! This HAS to stop.  #becool2asians #Covid_19 #CoronaUpdate #coronavirus #COVID19 https://t.co/vAyUiOj5o7","2020-03-29T17:18:14.000Z","en"
"210","Anti-asian hate crimes are only escalating - small children were stabbed! Please retweet and help us spread the word to #becool2asians #Covid_19 #CoronaUpdate #coronavirus #COVID19 https://t.co/ztHU85PKIk","2020-03-29T17:14:15.000Z","en"
"213","@mdnij34 Yes and stirring up hate against Asian Americans #becool2asians","2020-03-29T08:07:59.000Z","en"
"214","Asian Americans are helping however they can in the fight against #coronavirus #Covid_19 Don‚Äôt hate #becool2asians  https://t.co/9gtKlRdyPQ","2020-03-29T05:37:33.000Z","en"
"217","Stop the xenophobia, racism, and hate!
It's not #chinavirus. It's #COVID19 
#becool2asians https://t.co/32DIeOJcir","2020-03-28T20:46:20.000Z","en"
"218","@nowhitenonsense pls stand w/ #becool2asians in our fight against anti-Asian Hate #SaturdayMood #SaturdayMorning #SaturdayThoughts #COVID19 #Covid_19 #COVID #coronavirus #CoronavirusUSA https://t.co/ggIbh4znBP","2020-03-28T15:42:08.000Z","en"
"219","Don‚Äôt scapegoat the fear and uncertainty into hate.  Join our fight @becool2asians #becool2asians #COVID19 #FactsNotFear #CoronavirusOutbreak #CoronavirusPandemic #Covid_19 https://t.co/jr5yEwusSx","2020-03-28T05:20:32.000Z","en"
"220","Asian Americans are on the front lines fighting #COVID19 even losing their jobs trying to protect others. #becool2asians #CoronavirusOutbreak #washthehate #coronavirus #COVID2019 #Covid19usa https://t.co/zqV2jJoZ7x","2020-03-28T04:58:05.000Z","en"
"221","#becool2asians SLC Asian businesses donated vital medical supplies to hospitals and police departments. Very proud and thumb up! We are together! @UtahCoronavirus https://t.co/PqGlTIF0U3","2020-03-28T03:20:14.000Z","en"
"222","This is wrong on every level I can think of. This has to stop, and it has to stop NOW. If you see something, say something. It's up to all of us to not let this stand. #Coronavirus #COVID19 #becool2asians #AllInThisTogether https://t.co/ROMn1pWXEr","2020-03-28T02:13:03.000Z","en"
"223","@nalames @KMWijn @lemonnlaw @becool2asians @eugenegu #becool2asians is going to become a nation wide success üíÉüèª","2020-03-28T02:04:33.000Z","en"
"224","Dear ‚Äú51% of Americans‚Äù 21 million Asian Americans are now subject to Hate b/c @realDonaldTrump trying to re-brand the #Coronavirus #COVID19 #becool2asians #AllInThisTogether https://t.co/ggIbh4znBP","2020-03-28T01:23:08.000Z","en"
"225","Please shelter in place folks it saves lives and #becool2asians #BeatCOVID19 #BeatTheVirus #AllInThisTogether #COVID19 #COVID2019 https://t.co/gU9SS7ktEf","2020-03-28T01:11:44.000Z","en"
"226","This shit never fucking stops. I'm BEYOND sick of it. I am ready to tear into and throw hands at anyone who won't #becool2asians","2020-03-27T16:16:11.000Z","en"
"227","#becool2asians not cool. We did nothing wrong!! An attack on one. Is an attack on all!!! https://t.co/pgFQBoqO4q","2020-03-27T16:06:30.000Z","en"
"228","So sorry this happened to you, Sister. The world is crazy enough without this added racism on top of it. I stopped taking my dog out, too. It‚Äôs a shame. Hope you and your pup are okay. @ThirstyTigerTV @becool2Asians #becool2asians https://t.co/opOmH8foW1","2020-03-27T12:51:19.000Z","en"
"229","@CAAM would you consider helping us with productions funds as we produce content for our #becool2asians media campaign? We are about to produce high volume of videos to combat the anti-Asian COVID hate. We are currently all  self funded. https://t.co/s27rWXyoOM","2020-03-27T06:26:46.000Z","en"
"230","@TehshikYoon #becool2asians As an essential part of this country, Asian Americans are fighting against COVID-19 and also racialism viruses.","2020-03-27T06:04:57.000Z","en"
"231","@becool2asians #becool2asians As an essential part of this country, Asian Americans are fighting against COVID-19 and also racialism bully.","2020-03-27T05:40:45.000Z","en"
"232","@RogerLau Will you do an advocacy video for our #becool2asians campaign?","2020-03-27T05:17:54.000Z","en"
"233","@RandyRainbow will you make an advocacy video for #becool2asians? We‚Äôd appreciate allies joining our movement!","2020-03-27T04:44:35.000Z","en"
"234","@MrEddieHuang Will you do an advocacy video for #becool2asians? https://t.co/ggIbh4znBP","2020-03-27T04:37:50.000Z","en"
"235","@DeonDekelaita @eugenegu Thank you! Help us start a movement #becool2asians","2020-03-27T04:08:01.000Z","en"
"237","Ducks will #becool2asians.","2020-03-27T02:57:28.000Z","en"
"238","This is disgusting. What the fk is wrong with these people?? üò© Please stop this nonsense!! Covid-19 is going to wreak enough damage and have enough of a body count by itself, do you really have to start this bull?  #becool2asians https://t.co/YmLA27Mm3L","2020-03-27T02:28:46.000Z","en"
"239","Valerie Chow was mobilizing her tv production co, Thirsty Tiger to launch #becool2asians + combat anti-Asian COVID-19 hate when she was attacked for being Asian. She‚Äôs now channeling fear + anger into producing positive messaging about the Coronavirus. Stay tuned for our videos! https://t.co/1gZUy0AfMv","2020-03-27T01:43:10.000Z","en"
"240","I can‚Äôt take this, my heart is breaking over these stories I‚Äôm reading that keep growing around the world on violence against Asians. Myfear is that this is just the beginning as we continue to move deeper into quarantine and financial losses. #IAmNotAVirus #BeCool2Asians https://t.co/akuTjORq3F","2020-03-24T04:50:36.000Z","en"
